Sex,Survival Rate,Total Count
female,74.20382165605095,314
male,18.890814558058924,577
